<?xml version="1.0"?>
<FirmwarePackage>
  <Uuid>abce4516-f178-5052-bb69-e6afe5862414</Uuid>
  <Name>ControlLogix&#xAE; 5580 Emulator</Name>
  <SoftwareVersion>
    <Major>34</Major>
    <Minor>11</Minor>
    <Subminor>00</Subminor>
  </SoftwareVersion>
  <FirmwareVersion>
    <Major>34</Major>
    <Minor>011</Minor>
    <Subminor>525</Subminor>
  </FirmwareVersion>
  <CatalogNumber>
    <Name>9310-WED300ENT</Name>
    <ProductCode>288</ProductCode>
    <ProductType>14</ProductType>
  </CatalogNumber>
  <SupportedProducts>
    <CatalogNumber>
      <Name>1756-L81E</Name>
      <ProductCode>164</ProductCode>
      <ProductType>14</ProductType>
    </CatalogNumber>
    <CatalogNumber>
      <Name>1756-L82E</Name>
      <ProductCode>165</ProductCode>
      <ProductType>14</ProductType>
    </CatalogNumber>
    <CatalogNumber>
      <Name>1756-L83E</Name>
      <ProductCode>166</ProductCode>
      <ProductType>14</ProductType>
    </CatalogNumber>
    <CatalogNumber>
      <Name>1756-L84E</Name>
      <ProductCode>167</ProductCode>
      <ProductType>14</ProductType>
    </CatalogNumber>
    <CatalogNumber>
      <Name>1756-L85E</Name>
      <ProductCode>168</ProductCode>
      <ProductType>14</ProductType>
    </CatalogNumber>
    <CatalogNumber>
      <Name>1756-L81EP</Name>
      <ProductCode>282</ProductCode>
      <ProductType>14</ProductType>
    </CatalogNumber>
    <CatalogNumber>
      <Name>1756-L83EP</Name>
      <ProductCode>283</ProductCode>
      <ProductType>14</ProductType>
    </CatalogNumber>
    <CatalogNumber>
      <Name>1756-L85EP</Name>
      <ProductCode>284</ProductCode>
      <ProductType>14</ProductType>
    </CatalogNumber>
  </SupportedProducts>
  <HasChassis>true</HasChassis>
  <FilePaths>
    <FilePath>
      <FileName>SoftwareHostedFunctions.lib</FileName>
    </FilePath>
    <FilePath>
      <FileName>Support.lib</FileName>
    </FilePath>
    <FilePath>
      <FileName>ProcessLogix.lib</FileName>
    </FilePath>
    <FilePath>
      <FileName>LogixMotionCam.lib</FileName>
    </FilePath>
    <FilePath>
      <FileName>ChronicleEmulate.exe</FileName>
    </FilePath>
    <FilePath>
      <FileName>libEmulateSupervisor.dll</FileName>
    </FilePath>
    <FilePath>
      <FileName>libEmulateComms5580.dll</FileName>
    </FilePath>
    <FilePath>
      <FileName>libEmulateLogix5580.dll</FileName>
    </FilePath>
    <FilePath>
      <FileName>libEmulatePpe5580.dll</FileName>
    </FilePath>
    <FilePath>
      <FileName>libnats.dll</FileName>
    </FilePath>
    <FilePath>
      <FileName>libEmulateControllerApi.dll</FileName>
    </FilePath>
  </FilePaths>
  <RelativeExecPath>
    <FileName>EmulateControlLogix5580.exe</FileName>
  </RelativeExecPath>
</FirmwarePackage>
